psi,eT1,vT1,uT1,lT1,eT2i,vT2i,uT2i,lT2i,eT2a,vT2a,uT2a,lT2a,eDC,vDC,uDC,lDC,eMAE,uMAE,lMAE,eMR,uMR,lMR,N,n_edges
0.0,2073.4965,704199.3866810906,3418.1,697.9499999999999,4821.223,499011.8612016008,6333.25,4072.9500000000003,2460.785,2.8750732504001996e6,5618.4,257.8,2752.0485,208917.52691120555,3582.2,2107.9500000000003,0.4019115765203943,0.49378462057483336,0.21514592587557524,0.31296826171875,0.45389404296874997,0.125439453125,4096,8064.0
0.03,1982.9545,760498.5136865932,3414.2,622.9,4922.584,523084.9694287144,6404.15,4127.0,2332.9705,2.9994330601598304e6,5635.1,207.9,2785.7405,220198.23527738868,3608.05,2115.0,0.398132256083537,0.495375991623973,0.21643140417777781,0.3046231689453125,0.45708007812499996,0.11912841796875,4096,8064.0
0.06,2054.0275,781476.0637756377,3463.05,598.9499999999999,5000.9255,523325.07648799405,6479.05,4197.0,2512.4085,3.122457681468484e6,5804.299999999999,198.0,2793.6795,225196.33794872437,3629.0999999999995,2118.0,0.3972313064297406,0.4940758225883329,0.21146270360033118,0.3000548095703125,0.44873046875,0.11398925781250001,4096,8064.0
0.09,2064.4425,825606.3068471735,3505.0,568.9000000000001,5084.246,514919.50623711856,6524.15,4261.95,2574.4125,3.344845096892198e6,5936.399999999999,197.9,2819.6965,230063.40308929468,3638.1,2113.0,0.39573618531338894,0.4930231651972878,0.21506109886502014,0.2934442138671875,0.44483642578125,0.1117919921875,4096,8064.0
0.12,2074.4015,925105.2949452223,3578.1499999999996,530.9,5217.367,576523.713167584,6756.45,4333.95,2660.82,3.7238482687343666e6,6214.200000000001,177.9,2871.0705,248018.7429012006,3719.25,2132.9,0.3881701715370521,0.493669883866846,0.19076129562240235,0.28148193359375,0.44483642578125,0.09197998046875,4096,8064.0
0.15,2050.7405,951754.7665430213,3563.05,480.0,5298.6425,569803.5294584793,6749.049999999999,4407.0,2654.73,3.779097672936468e6,6170.299999999999,154.90000000000003,2881.5585,256594.92403976986,3709.2,2143.95,0.38755821664101164,0.49244208825836466,0.20405747994403484,0.2754495849609375,0.4372802734375,0.09443359375,4096,8064.0
0.18,2039.609,1.0599513888134067e6,3675.15,445.90000000000003,5425.7755,611924.2252123562,6946.199999999999,4472.0,2696.343,4.280419596149074e6,6529.4,142.90000000000003,2933.11,276210.2150075038,3772.05,2131.0,0.3812008447161454,0.4929402074256269,0.1861326153207589,0.2639847412109375,0.43702392578125,0.07908935546875,4096,8064.0
0.21,2094.886,1.120056905456728e6,3697.0499999999997,410.95000000000005,5533.8435,612326.3601878438,7058.049999999999,4554.95,2859.4055,4.554029997068284e6,6618.4,126.0,2962.885,284823.02228614304,3806.05,2134.9500000000003,0.37717499758181045,0.49126661274597644,0.18212054642243333,0.253666259765625,0.43116455078125,0.07078857421875,4096,8064.0
0.24,2060.2415,1.165491976165833e6,3683.15,371.0,5618.292,606844.5920320158,7111.05,4609.0,2833.3835,4.656772154505002e6,6573.2,106.0,2985.6605,285994.86867408693,3821.0999999999995,2143.95,0.3764162782467465,0.49105140024805843,0.18256334440956593,0.2476494140625,0.42652587890625,0.06711425781250001,4096,8064.0
0.27,2061.0795,1.2331326144869935e6,3760.1499999999996,330.95000000000005,5719.4025,623335.7643759381,7257.099999999999,4687.95,2885.477,4.921554652797399e6,6846.150000000001,88.95,3016.9985,293875.9664809905,3864.1,2162.8500000000004,0.37348801858332425,0.49062230449274585,0.16881647918081602,0.2386470947265625,0.421630859375,0.05615234375,4096,8064.0
0.3,2048.1145,1.3539366537166086e6,3795.05,317.0,5862.7645,611161.6018406705,7259.1,4787.900000000001,2931.5085,5.4078222410482755e6,6964.349999999999,86.0,3076.3735,295855.57078314153,3864.0,2185.0,0.3658602743437092,0.48885743905179263,0.1707962138440857,0.2238714599609375,0.41064453125,0.056640625,4096,8064.0
0.33,2024.571,1.4155325962571285e6,3817.0499999999997,269.95000000000005,5962.913,627839.1460040021,7375.2,4852.8,2935.356,5.6291986425852915e6,7041.549999999999,67.95,3097.66,313744.5046523261,3901.0999999999995,2181.8999999999996,0.3629805051049854,0.48929039816776154,0.1630010827562633,0.2159183349609375,0.40555419921874997,0.04758300781250001,4096,8064.0
0.36,2048.24,1.4754233010505256e6,3866.1,269.75000000000006,6061.5035,598050.0420087544,7446.05,4968.95,3030.9765,5.9592066442698855e6,7204.25,68.9,3124.763,315424.80123161577,3920.05,2167.9500000000003,0.36156216184592177,0.48632567515637204,0.16465585968494362,0.2064521484375,0.39356689453125,0.04295654296875,4096,8064.0
0.39,2078.3665,1.6411939061308156e6,3884.1499999999996,213.95,6228.802,606903.5495707854,7536.15,5069.900000000001,3174.432,6.537852811781891e6,7295.25,47.95,3193.6325,328986.10149449727,3947.05,2194.9,0.3502588637983473,0.48493835441664757,0.1508796014715823,0.1885550537109375,0.3798828125,0.03636474609375,4096,8064.0
0.42,2094.6635,1.6325978421888447e6,3895.0,202.90000000000003,6280.456,568113.6218749373,7566.05,5137.900000000001,3232.342,6.49339572589895e6,7323.1,41.95,3187.0825,336618.39289019513,3958.0,2174.0,0.35481356120344754,0.48466882909592995,0.15330381593451864,0.18594970703125,0.37550048828125,0.03369140625,4096,8064.0
0.45,2016.1645,1.8529800904849926e6,3930.0,165.85000000000002,6462.2055,552349.4069732367,7665.449999999999,5275.900000000001,3168.408,7.285494898985493e6,7447.2,33.0,3283.7545,326140.9857226113,3986.05,2218.95,0.3414780864997007,0.4807838138762282,0.1352887881828326,0.165529541015625,0.352294921875,0.02684326171875,4096,8064.0
0.48,2053.337,1.81718437661931e6,3938.0,169.95,6505.772,502726.3692006003,7683.05,5383.650000000001,3263.3615,7.200502728181842e6,7479.0,36.0,3265.924,333131.9642061031,3990.1,2198.8999999999996,0.348104067742222,0.48139769603032884,0.14674538666105258,0.1633629150390625,0.3482421874999999,0.0258544921875,4096,8064.0
0.51,2063.076,1.9645851928204102e6,3952.0,134.0,6632.531,494656.68738269137,7716.05,5431.95,3345.998,7.750226209100551e6,7531.15,22.950000000000003,3324.418,334754.6526023011,4000.0,2220.85,0.34209855884394536,0.4831465023655737,0.14500711982334,0.150575439453125,0.34620361328125,0.0234375,4096,8064.0
0.54,2025.8185,1.9947508759957482e6,3961.0999999999995,132.9,6721.1535,446034.84636093053,7731.0,5574.0,3316.854,7.82273459097949e6,7568.05,24.0,3331.3265,347492.36007778894,4003.0,2210.0,0.3421578406939793,0.4812425679875489,0.1520602740528068,0.1416661376953125,0.32770996093749993,0.022705078125,4096,8064.0
0.57,2095.669,2.087727158018009e6,3983.1000000000004,110.95,6824.636,413190.6098089045,7790.05,5714.900000000001,3506.429,8.219808078998499e6,7648.1,18.0,3372.631,334475.5796288144,4021.0,2241.9500000000003,0.33807268426608994,0.478560928902003,0.13882713033114827,0.1309046630859375,0.30789794921874997,0.018310546875,4096,8064.0
0.6,2029.566,2.23350719023912e6,3998.0,92.0,6961.643,346234.4047533767,7826.099999999999,5915.85,3444.39,8.788098236018008e6,7699.15,13.950000000000003,3425.664,334939.6219149576,4033.0,2258.8500000000004,0.33174063283278077,0.4751261517320093,0.13907147409176418,0.114794189453125,0.274169921875,0.015380859375,4096,8064.0
0.63,2052.879,2.267171189953977e6,3999.0,81.0,7034.329,311036.35893846926,7842.049999999999,6025.0,3526.763,8.870868372017007e6,7706.049999999999,11.950000000000003,3440.237,327901.4955787894,4035.05,2302.75,0.3331801673981745,0.47454452498079386,0.14251132195176994,0.1085191650390625,0.2649780273437499,0.01488037109375,4096,8064.0
0.66,2066.7485,2.3424394119537263e6,4015.0,75.0,7122.7985,278781.0904429715,7875.05,6189.95,3598.5875,9.176824399543518e6,7763.0,10.0,3462.1565,341952.06804177084,4045.0,2251.8,0.3314834374348076,0.4714546564723705,0.13629590394450766,0.0991351318359375,0.24127197265624994,0.012451171875,4096,8064.0
0.69,2037.842,2.3948629305012506e6,4016.0,67.0,7211.181,224469.63105452727,7876.1,6345.55,3585.6885,9.317000908922214e6,7768.1,8.0,3484.428,330608.58911055536,4045.0,2311.9,0.3312427562513199,0.47051442181543723,0.1415493003138674,0.0893858642578125,0.22194824218749998,0.012451171875,4096,8064.0
0.72,2014.245,2.47823357176088e6,4032.05,61.0,7298.643,183069.7444232116,7899.05,6528.95,3582.5325,9.704282025956731e6,7828.0,7.0,3512.911,332335.78497148573,4051.0,2295.7000000000003,0.3303653434211973,0.46772862489233935,0.14340885230910225,0.0796690673828125,0.19343261718749993,0.010986328125,4096,8064.0
0.75,2068.7665,2.561602082018759e6,4042.0,64.0,7369.1405,155439.97574762383,7917.0,6667.0,3725.5015,1.0038008223109301e7,7863.0,8.0,3547.0905,313637.01981965994,4057.0,2369.9500000000003,0.3308793014121476,0.46806384169334986,0.14169983925614602,0.072167236328125,0.17457275390625,0.009521484375,4096,8064.0
0.78,1984.1335,2.7121609161358187e6,4045.0,44.0,7477.111,117168.72504152078,7945.099999999999,6852.9,3612.6205,1.0555030062511003e7,7873.049999999999,4.0,3600.1665,305815.82969259634,4064.0,2395.8999999999996,0.32066261965117715,0.4607770595799129,0.13327805591735326,0.059569091796875,0.1474609375,0.0078125,4096,8064.0
0.81,1991.9085,2.6845491116835913e6,4053.0,37.0,7525.9505,102123.16763356677,7959.0,6950.0,3652.225,1.046331065970485e7,7901.0,3.0,3584.4945,325700.5952673836,4068.0,2318.95,0.3216922475133971,0.4653318787326282,0.13063189149871252,0.0558114013671875,0.13942871093749998,0.0068359375,4096,8064.0
0.84,2058.0475,2.7698745024949973e6,4060.0,38.95,7592.0565,72987.04783166583,7969.0,7118.95,3815.784,1.0816658071379688e7,7927.05,4.0,3616.7075,307901.24756753375,4070.0,2385.0,0.32223713297403067,0.46118161683841685,0.1326062505251369,0.0482471923828125,0.11719970703124999,0.00634765625,4096,8064.0
0.87,1989.4955,2.807958948453977e6,4062.0,28.0,7644.471,58048.224271135565,7985.0,7224.85,3706.899,1.0932025086342169e7,7937.0,2.0,3625.0455,323066.7698146573,4075.0,2361.0,0.3210553577711542,0.4602597029857234,0.12593398830097757,0.043017822265625,0.104736328125,0.005126953125,4096,8064.0
0.9,2029.1985,2.860272512353927e6,4066.0,28.0,7694.2535,47045.45396473236,7993.0,7322.0,3810.172,1.1129398267549774e7,7952.1,2.0,3640.1775,324328.8454164583,4077.0,2364.75,0.3180981193718301,0.4585264089048897,0.12718312445054147,0.0387650146484375,0.093505859375,0.004638671875,4096,8064.0
0.93,2060.4795,2.9309300996295647e6,4071.0,25.0,7741.626,35282.03514157078,8001.049999999999,7407.0,3895.676,1.139443688246523e7,7970.099999999999,2.0,3663.8335,318861.90372961474,4079.0,2351.65,0.31512434671275474,0.45829454106490536,0.13344874175018864,0.0336702880859375,0.08424072265624999,0.004150390625,4096,8064.0
0.96,2014.832,2.887140352952476e6,4074.0,24.0,7765.7285,28555.023299399705,8008.0,7472.95,3817.238,1.1248758086399203e7,7981.0,2.0,3645.974,333442.7156818409,4081.0,2345.95,0.32059954836591104,0.4552020075848836,0.12996644250095696,0.032458251953125,0.079833984375,0.003662109375,4096,8064.0
0.99,2012.171,2.874049909713857e6,4073.0,20.950000000000003,7795.344,22713.94863831916,8010.0,7533.0,3826.989,1.1190912323040519e7,7979.0,1.0,3640.45,338168.6838419209,4081.0499999999997,2378.6499999999996,0.3231945949598688,0.46084915196154386,0.141039638619172,0.030354736328125,0.0732421875,0.0036499023437500007,4096,8064.0
1.02,2113.093,2.989776649675838e6,4080.0,18.0,7832.7555,17759.45244597298,8021.049999999999,7604.0,4044.5215,1.1645932326701099e7,8004.0,1.0,3683.387,318187.31388794404,4085.0,2398.8500000000004,0.31653066240787686,0.45786932596543506,0.12764365245939743,0.0267125244140625,0.06787109375,0.002685546875,4096,8064.0
1.05,2037.556,2.9593459098189096e6,4079.0,16.0,7848.6805,15177.89136543272,8021.0,7639.95,3903.8905,1.1500280453736616e7,8002.049999999999,1.0,3669.185,329899.45950475236,4084.0,2393.9500000000003,0.32272041280478253,0.4624685639866157,0.13914579900357368,0.026491455078125,0.06496582031249998,0.0029296875,4096,8064.0
1.08,2071.2205,2.981009651705603e6,4081.0,13.0,7872.275,12278.325537768884,8028.0,7678.0,3981.7255,1.1595659189744625e7,8010.0,1.0,3675.2495,332283.54502226115,4086.0,2406.0,0.3207718761319271,0.4581360168631172,0.13939523545222549,0.0246124267578125,0.06396484375,0.00244140625,4096,8064.0
1.11,1997.324,3.0109893466973486e6,4084.0,11.0,7895.205,10661.740845422713,8034.0,7712.0,3847.5865,1.1705803381208358e7,8020.0,0.0,3682.546,340481.52364582295,4088.0,2373.7999999999997,0.31631564043417304,0.4547374137863118,0.13288995717273955,0.0229854736328125,0.06300048828124999,0.001953125,4096,8064.0
1.14,2040.858,3.033670114893447e6,4086.0,10.0,7909.8745,9050.971235367684,8040.0,7743.0,3941.0345,1.1783664389504505e7,8027.05,0.0,3690.658,334046.0060390195,4090.0,2397.95,0.3173759557287274,0.45705086710895665,0.12744239106437663,0.0218240966796875,0.060791015625,0.00146484375,4096,8064.0
1.17,2073.569,2.9941183093936965e6,4087.0,9.0,7922.801,7710.026412206103,8041.0,7769.95,4012.1005,1.1622037589194346e7,8029.0,0.0,3674.326,348513.02223511756,4090.0,2378.7999999999997,0.3168660324125946,0.4580707904474635,0.12722097527862958,0.0213583984375,0.05958251953124999,0.00146484375,4096,8064.0
1.2,2119.389,3.1165957775677834e6,4088.0,8.0,7940.5285,6252.5374564782305,8044.0,7798.0,4111.021,1.211273725118459e7,8035.0,0.0,3723.015,314615.92673836916,4090.0,2397.95,0.31678910488538836,0.4563748010247367,0.13475895760708614,0.0196085205078125,0.05495605468749998,0.00146484375,4096,8064.0
1.23,2111.838,3.0756683269194607e6,4088.0,7.0,7949.404,5548.158863431714,8046.0,7818.0,4100.4435,1.1957182380998254e7,8036.0,0.0,3708.791,320139.10687243624,4091.0,2433.8,0.31854241231913355,0.4590025943191039,0.1372664126044125,0.019473388671875,0.05518798828124999,0.001220703125,4096,8064.0
1.26,2103.561,3.1160511708644317e6,4090.0,6.0,7960.859,4848.742490245118,8049.0,7834.95,4090.074,1.2100683379213603e7,8041.0,0.0,3720.585,320199.68761880946,4092.0,2422.95,0.3156942425996964,0.45565923976708106,0.12930232549138074,0.0188056640625,0.05445556640624999,0.0009765625,4096,8064.0
1.29,2000.303,3.194605605993997e6,4090.0,6.0,7971.2725,4017.849168334168,8049.0,7855.95,3891.567,1.2402135119070534e7,8040.0,0.0,3749.985,298679.7066283143,4092.0,2464.85,0.31711641895816683,0.4551607994203842,0.13959202212830818,0.0176934814453125,0.052978515625,0.0009765625,4096,8064.0
1.32,2122.661,3.123214890524262e6,4091.0,5.0,7977.2,3837.4047023511757,8053.0,7865.0,4135.9125,1.213062850509629e7,8047.05,0.0,3723.961,318541.5452516259,4093.0,2454.95,0.3133461125843142,0.45599818503303363,0.12957594489846527,0.0179185791015625,0.052001953125,0.000732421875,4096,8064.0
1.35,2108.6955,3.16081631893922e6,4092.0,4.0,7984.1485,3637.46317933967,8053.049999999999,7872.0,4111.88,1.2271520660930458e7,8049.0,0.0,3737.7175,307928.5889882441,4093.0,2481.85,0.3138384239153537,0.4564743323799747,0.13071552420229532,0.0173765869140625,0.05421142578124999,0.000732421875,4096,8064.0
1.38,2139.3875,3.100208402545021e6,4092.0,3.0,7988.2665,3436.7468511755883,8056.0,7879.0,4174.236,1.204255615238019e7,8049.0,0.0,3712.3705,337049.3368981991,4094.0,2440.9500000000003,0.31458101793254656,0.45395703005520577,0.12565713212190327,0.0175283203125,0.05224609375,0.00048828125,4096,8064.0
1.41,2124.239,3.1462009653616813e6,4093.0,3.0,7994.725,3080.1854677338665,8057.0,7891.0,4147.5925,1.2222863815351432e7,8053.0,0.0,3730.827,318692.88451325666,4094.0,2426.0,0.31500819533294344,0.45650347130752855,0.12915217751823926,0.017441162109375,0.05324707031249998,0.00048828125,4096,8064.0
1.44,2086.5695,3.2027829716555793e6,4093.0,3.0,8000.923,2665.69391795898,8057.0,7903.0,4076.5735,1.2437561219207356e7,8053.0,0.0,3750.4195,304589.32718334167,4094.0,2472.9500000000003,0.3146861666223541,0.4547621327767611,0.13612588263073963,0.0167099609375,0.05251464843749998,0.00048828125,4096,8064.0
1.47,2087.879,3.1938196751965983e6,4094.0,2.0,8005.3645,2620.7860327663807,8060.0,7910.0,4081.3755,1.2398646247623568e7,8056.0,0.0,3744.727,315088.13153676846,4095.0,2441.65,0.31115781838823703,0.45408468543191205,0.12479279254375057,0.0162093505859375,0.0517578125,0.000244140625,4096,8064.0
1.5,2029.428,3.0994039357838924e6,4094.0,2.0,8004.9465,2628.4608681840937,8060.0,7909.950000000001,3965.829,1.2032379283400707e7,8056.0,0.0,3709.276,338530.4700590295,4095.0,2404.0,0.3175767244435846,0.4541719906271016,0.12871999549103166,0.017546142578125,0.0546875,0.000244140625,4096,8064.0
1.53,1989.9805,3.099893009624562e6,4094.0,2.0,8008.0185,2488.3013084042004,8060.0,7916.95,3889.755,1.2031554011980996e7,8057.0,0.0,3709.9695,339736.57485717855,4095.0,2401.9500000000003,0.31645797662684105,0.4584621481699013,0.1275535540065888,0.018480712890625,0.05836181640624999,0.000244140625,4096,8064.0
1.56,1985.5115,3.160148088912206e6,4095.0,1.0,8012.573,2279.7225322661343,8061.0,7920.95,3883.2155,1.2265111583851676e7,8060.0,0.0,3733.5775,321462.0500187595,4095.0,2434.9,0.3169259840690163,0.45993818333167885,0.13108195181821888,0.01770849609375,0.056396484375,0.000244140625,4096,8064.0
1.59,2012.4985,3.218656195095297e6,4095.0,1.0,8016.7325,2041.0504689844915,8061.0,7928.0,3938.6345,1.249033987484718e7,8060.0,0.0,3759.5335,289104.8543049025,4095.0,2510.85,0.31596724579533997,0.4539552394121691,0.12156841067330736,0.0172418212890625,0.05616455078124999,0.000244140625,4096,8064.0
1.62,2006.1705,3.121394005432466e6,4095.0,1.0,8016.205,2206.094022011006,8064.0,7927.0,3925.6445,1.2112465387813658e7,8060.0,0.0,3716.4565,338004.9255705351,4096.0,2401.0,0.3182286403260089,0.45510609655686635,0.1396663845796283,0.01770068359375,0.05933837890624999,0.0,4096,8064.0
1.65,2047.8275,3.1559834524699845e6,4095.0,1.0,8019.2805,2091.5475935467734,8064.0,7931.95,4009.284,1.2253137463075543e7,8061.0,0.0,3728.3055,331144.48941445735,4096.0,2427.85,0.31492729583283013,0.4575689200819234,0.12716025187179064,0.0174967041015625,0.05885009765624999,0.0,4096,8064.0
1.68,2050.9325,3.1554654536705855e6,4095.0,1.0,8020.679,1944.1550365182582,8064.0,7936.0,4016.1615,1.224771631457504e7,8061.0,0.0,3737.4185,299911.4080617808,4096.0,2469.8999999999996,0.3186769389238508,0.4592334428852766,0.136817465974391,0.01847021484375,0.05982666015624999,0.0,4096,8064.0
